Країна,URL,Столиця,Офіційні мови,Незалежність,Валюта,Телефонний код
Австралія,https://uk.wikipedia.org/wiki/%D0%90%D0%B2%D1%81%D1%82%D1%80%D0%B0%D0%BB%D1%96%D1%8F,Канберра,англійська 1,від Великої Британії,Австралійський долар ( AUD ),+61
Бутан,https://uk.wikipedia.org/wiki/%D0%91%D1%83%D1%82%D0%B0%D0%BD,,дзонг-ке,від Індії,Нгултрум ( BTN ),+975
Вануату,https://uk.wikipedia.org/wiki/%D0%92%D0%B0%D0%BD%D1%83%D0%B0%D1%82%D1%83,Порт-Віла,"біслама , англійська , французька",від Франції та Великої Британії,Вануатійський вату ( VUV ),++678
Габон,https://uk.wikipedia.org/wiki/%D0%93%D0%B0%D0%B1%D0%BE%D0%BD,,французька,,Франк КФА ( XAF ),+241
В'єтнам,https://uk.wikipedia.org/wiki/%D0%92%27%D1%94%D1%82%D0%BD%D0%B0%D0%BC,Ханой 21°02′ пн. ш. 105°51′ сх. д. country H G O,В'єтнамська,,Донг (₫) ( VND ),+84
Вірменія,https://uk.wikipedia.org/wiki/%D0%92%D1%96%D1%80%D0%BC%D0%B5%D0%BD%D1%96%D1%8F,,Вірменська,,Драм ( AMD ),+374
Венесуела,https://uk.wikipedia.org/wiki/%D0%92%D0%B5%D0%BD%D0%B5%D1%81%D1%83%D0%B5%D0%BB%D0%B0,,іспанська мова,,Венесуельський болівар ( VEB ),+58
Ватикан,https://uk.wikipedia.org/wiki/%D0%92%D0%B0%D1%82%D0%B8%D0%BA%D0%B0%D0%BD,фактично є містом-державою у місті 41°54′ пн. ш. 12°27′ сх. д. country H G O,"італійська , Латина",від Королівства Італія,Euro (€) 3 ( EUR ),+39 (Італія)
Бурунді,https://uk.wikipedia.org/wiki/%D0%91%D1%83%D1%80%D1%83%D0%BD%D0%B4%D1%96,Гітега 3°30′ пд. ш. 30°00′ сх. д. country H G O,"Французька , Кірунді , Англійська",від Бельгії,Бурундійський франк (FBu) ( BIF ),+257
Велика Британія,https://uk.wikipedia.org/wiki/%D0%92%D0%B5%D0%BB%D0%B8%D0%BA%D0%B0_%D0%91%D1%80%D0%B8%D1%82%D0%B0%D0%BD%D1%96%D1%8F,,англійська,,Фунт стерлінгів ( GBP ),+44
Бруней,https://uk.wikipedia.org/wiki/%D0%91%D1%80%D1%83%D0%BD%D0%B5%D0%B9,,Малайська (національна),,Бруннейський рінггіт ( BND ),+673 1
Буркіна-Фасо,https://uk.wikipedia.org/wiki/%D0%91%D1%83%D1%80%D0%BA%D1%96%D0%BD%D0%B0-%D0%A4%D0%B0%D1%81%D0%BE,,Французька,від Франції,Франк CFA ( XOF ),+226
Болівія,https://uk.wikipedia.org/wiki/%D0%91%D0%BE%D0%BB%D1%96%D0%B2%D1%96%D1%8F,Сукре,"Іспанська , кечуа , аймара , араона , айорео , чакобо , мовіма , гуарані , чикітано",,Болівіано ( BOB ),+591
Ботсвана,https://uk.wikipedia.org/wiki/%D0%91%D0%BE%D1%82%D1%81%D0%B2%D0%B0%D0%BD%D0%B0,Габороне 24°40′ пд. ш. 25°55′ сх. д. country H G O,англійська (офіційна) тсвана (національна),від Великої Британії,Пула ( BWP ),+267
Бразилія,https://uk.wikipedia.org/wiki/%D0%91%D1%80%D0%B0%D0%B7%D0%B8%D0%BB%D1%96%D1%8F,Бразиліа 15°45′ пд. ш. 47°57′ зх. д. country H G O,Португальська,від Португалії,Реал (R$) ( BRL ),+55
Боснія і Герцеговина,https://uk.wikipedia.org/wiki/%D0%91%D0%BE%D1%81%D0%BD%D1%96%D1%8F_%D1%96_%D0%93%D0%B5%D1%80%D1%86%D0%B5%D0%B3%D0%BE%D0%B2%D0%B8%D0%BD%D0%B0,,"боснійська , хорватська , сербська",від СФРЮ,Конвертовна марка ( BAM ),+387
Сомаліленд,https://uk.wikipedia.org/wiki/%D0%A1%D0%BE%D0%BC%D0%B0%D0%BB%D1%96%D0%BB%D0%B5%D0%BD%D0%B4,Харгейса 9°33′ пн. ш. 44°03′ сх. д. country H G O,Сомалі,від Сомалі,Сомалілендський шилінг 1 ( SLSH ),+252
Північний Кіпр,https://uk.wikipedia.org/wiki/%D0%A2%D1%83%D1%80%D0%B5%D1%86%D1%8C%D0%BA%D0%B0_%D0%A0%D0%B5%D1%81%D0%BF%D1%83%D0%B1%D0%BB%D1%96%D0%BA%D0%B0_%D0%9F%D1%96%D0%B2%D0%BD%D1%96%D1%87%D0%BD%D0%BE%D0%B3%D0%BE_%D0%9A%D1%96%D0%BF%D1%80%D1%83,Північна Нікосія 35°08′ пн. ш. 33°28′ сх. д. country H G O,турецька,,турецька ліра ( TRY ),+ 90 (+90-392 для ТРПК )
Придністров'я,https://uk.wikipedia.org/wiki/%D0%9F%D1%80%D0%B8%D0%B4%D0%BD%D1%96%D1%81%D1%82%D1%80%D0%BE%D0%B2%D1%81%D1%8C%D0%BA%D0%B0_%D0%9C%D0%BE%D0%BB%D0%B4%D0%B0%D0%B2%D1%81%D1%8C%D0%BA%D0%B0_%D0%A0%D0%B5%D1%81%D0%BF%D1%83%D0%B1%D0%BB%D1%96%D0%BA%D0%B0,Тирасполь,молдовська (кирилиця) українська російська,,Придністровський рубль ( PRB ),+373
Амбазонія,https://uk.wikipedia.org/wiki/%D0%90%D0%BC%D0%B1%D0%B0%D0%B7%D0%BE%D0%BD%D1%96%D1%8F,,,,,
Південна Осетія,https://uk.wikipedia.org/wiki/%D0%9F%D1%96%D0%B2%D0%B4%D0%B5%D0%BD%D0%BD%D0%B0_%D0%9E%D1%81%D0%B5%D1%82%D1%96%D1%8F,Цхінвалі 42°14′ пн. ш. 43°58′ сх. д. country H G O,"осетинська , російська , грузинська [ 1 ]",,російський рубль ( RUB ),"+7 9971, +7 9976, +7 99744, +7 995344"
Реюньйон,https://uk.wikipedia.org/wiki/%D0%A0%D0%B5%D1%8E%D0%BD%D1%8C%D0%B9%D0%BE%D0%BD,Сен-Дені,Французька,,,
Абхазія,https://uk.wikipedia.org/wiki/%D0%A0%D0%B5%D1%81%D0%BF%D1%83%D0%B1%D0%BB%D1%96%D0%BA%D0%B0_%D0%90%D0%B1%D1%85%D0%B0%D0%B7%D1%96%D1%8F,Сухумі 40°00′ пн. ш. 41°01′ сх. д. country H G O,"абхазька , російська [ 1 ]",,"російський рубль , апсар ( RUB )",+7 840 та 7 940
Мартиніка,https://uk.wikipedia.org/wiki/%D0%9C%D0%B0%D1%80%D1%82%D0%B8%D0%BD%D1%96%D0%BA%D0%B0,Фор-де-Франс,,,Євро ( EUR ),
Майотта,https://uk.wikipedia.org/wiki/%D0%9C%D0%B0%D0%B9%D0%BE%D1%82%D1%82%D0%B0,,Французька мова,,Євро ( EUR ),+262
Азорські Острови,https://uk.wikipedia.org/wiki/%D0%90%D0%B7%D0%BE%D1%80%D1%81%D1%8C%D0%BA%D1%96_%D0%9E%D1%81%D1%82%D1%80%D0%BE%D0%B2%D0%B8,Понта-Делгада,португальська,,Євро (€) ( EUR ),+351
Гвіана,https://uk.wikipedia.org/wiki/%D0%A4%D1%80%D0%B0%D0%BD%D1%86%D1%83%D0%B7%D1%8C%D0%BA%D0%B0_%D0%93%D0%B2%D1%96%D0%B0%D0%BD%D0%B0,,Французька,,Євро ( Класифікація валют (ISO 4217) ),+594
Гваделупа,https://uk.wikipedia.org/wiki/%D0%93%D0%B2%D0%B0%D0%B4%D0%B5%D0%BB%D1%83%D0%BF%D0%B0,Бас-Тер,,,Євро ( EUR ),
Мадейра,https://uk.wikipedia.org/wiki/%D0%9C%D0%B0%D0%B4%D0%B5%D0%B9%D1%80%D0%B0,,португальська,,Євро (€) ( EUR ),+351-291-ххх-ххх
Макао,https://uk.wikipedia.org/wiki/%D0%9C%D0%B0%D0%BA%D0%B0%D0%BE,Відсутня [ b ],"Китайська , [ 1 ] португальська",,Аоминська патака ( MOP ),+853
Сінт-Естатіус,https://uk.wikipedia.org/wiki/%D0%A1%D1%96%D0%BD%D1%82-%D0%95%D1%81%D1%82%D0%B0%D1%82%D1%96%D1%83%D1%81,,"нідерландська , англійська",,Американський долар ( USD ),+599
Саба,https://uk.wikipedia.org/wiki/%D0%A1%D0%B0%D0%B1%D0%B0_(%D0%BE%D1%81%D1%82%D1%80%D1%96%D0%B2),,"нідерландська , пап'яменто , англійська [ 1 ]",,Американський долар ( USD ),+599
Сеута,https://uk.wikipedia.org/wiki/%D0%A1%D0%B5%D1%83%D1%82%D0%B0,,,,,
Бонайре,https://uk.wikipedia.org/wiki/%D0%91%D0%BE%D0%BD%D0%B0%D0%B9%D1%80%D0%B5,,"Нідерландська , пап'яменто",,Долар США ( USD ),+599
Мелілья,https://uk.wikipedia.org/wiki/%D0%9C%D0%B5%D0%BB%D1%96%D0%BB%D1%8C%D1%8F,,,,,
Суверенні території,https://uk.wikipedia.org/wiki/%D0%A1%D1%83%D0%B2%D0%B5%D1%80%D0%B5%D0%BD%D0%BD%D1%96_%D1%82%D0%B5%D1%80%D0%B8%D1%82%D0%BE%D1%80%D1%96%D1%97_%D0%86%D1%81%D0%BF%D0%B0%D0%BD%D1%96%D1%97,,,,,
Гонконг,https://uk.wikipedia.org/wiki/%D0%93%D0%BE%D0%BD%D0%BA%D0%BE%D0%BD%D0%B3,,кантонська мова китайська мова англійська мова [ note 2 ],,гонконзький долар ( HKD ),+ 852
Канарські Острови,https://uk.wikipedia.org/wiki/%D0%9A%D0%B0%D0%BD%D0%B0%D1%80%D1%81%D1%8C%D0%BA%D1%96_%D0%9E%D1%81%D1%82%D1%80%D0%BE%D0%B2%D0%B8,,,,,
Аланди,https://uk.wikipedia.org/wiki/%D0%90%D0%BB%D0%B0%D0%BD%D0%B4%D1%81%D1%8C%D0%BA%D1%96_%D0%BE%D1%81%D1%82%D1%80%D0%BE%D0%B2%D0%B8,Марієгамн,шведська,,Євро ( EUR ),+358 18
Французькі Південні і Антарктичні Території,https://uk.wikipedia.org/wiki/%D0%A4%D1%80%D0%B0%D0%BD%D1%86%D1%83%D0%B7%D1%8C%D0%BA%D1%96_%D0%9F%D1%96%D0%B2%D0%B4%D0%B5%D0%BD%D0%BD%D1%96_%D1%96_%D0%90%D0%BD%D1%82%D0%B0%D1%80%D0%BA%D1%82%D0%B8%D1%87%D0%BD%D1%96_%D0%A2%D0%B5%D1%80%D0%B8%D1%82%D0%BE%D1%80%D1%96%D1%97,Порт-о-Франсе,Французька,,,
Французька Полінезія,https://uk.wikipedia.org/wiki/%D0%A4%D1%80%D0%B0%D0%BD%D1%86%D1%83%D0%B7%D1%8C%D0%BA%D0%B0_%D0%9F%D0%BE%D0%BB%D1%96%D0%BD%D0%B5%D0%B7%D1%96%D1%8F,,"Французька , таїтянська",,Французький тихоокеанський франк ( XPF ),+689
Сен-Мартен,https://uk.wikipedia.org/wiki/%D0%A1%D0%B5%D0%BD-%D0%9C%D0%B0%D1%80%D1%82%D0%B5%D0%BD_(%D0%A4%D1%80%D0%B0%D0%BD%D1%86%D1%96%D1%8F),Маріго 18°05′ пн. ш. 63°03′ зх. д. country H G O,Французька,,Євро ( EUR ),+590
Сен-П'єр і Мікелон,https://uk.wikipedia.org/wiki/%D0%A1%D0%B5%D0%BD-%D0%9F%27%D1%94%D1%80_%D1%96_%D0%9C%D1%96%D0%BA%D0%B5%D0%BB%D0%BE%D0%BD,Сен-П'єр,французька,,Євро ( EUR ),+508
Сен-Бартельмі,https://uk.wikipedia.org/wiki/%D0%A1%D0%B5%D0%BD-%D0%91%D0%B0%D1%80%D1%82%D0%B5%D0%BB%D1%8C%D0%BC%D1%96,,Французька,,Євро ( EUR ),
Нова Каледонія,https://uk.wikipedia.org/wiki/%D0%9D%D0%BE%D0%B2%D0%B0_%D0%9A%D0%B0%D0%BB%D0%B5%D0%B4%D0%BE%D0%BD%D1%96%D1%8F,,французька,,Французький тихоокеанський франк ( XPF ),+687
Кліппертон,https://uk.wikipedia.org/wiki/%D0%9A%D0%BB%D1%96%D0%BF%D0%BF%D0%B5%D1%80%D1%82%D0%BE%D0%BD,,,,,
Зовнішні малі острови США,https://uk.wikipedia.org/wiki/%D0%97%D0%BE%D0%B2%D0%BD%D1%96%D1%88%D0%BD%D1%96_%D0%BC%D0%B0%D0%BB%D1%96_%D0%BE%D1%81%D1%82%D1%80%D0%BE%D0%B2%D0%B8_%D0%A1%D0%A8%D0%90,,англійська,,Долар США ( USD ),
Гуам,https://uk.wikipedia.org/wiki/%D0%93%D1%83%D0%B0%D0%BC,Хагатна,"англійська , чаморро",,Долар США ( USD ),++1-671
Північні Маріани,https://uk.wikipedia.org/wiki/%D0%9F%D1%96%D0%B2%D0%BD%D1%96%D1%87%D0%BD%D1%96_%D0%9C%D0%B0%D1%80%D1%96%D0%B0%D0%BD%D1%81%D1%8C%D0%BA%D1%96_%D0%9E%D1%81%D1%82%D1%80%D0%BE%D0%B2%D0%B8,Капітолій (острів Сайпан ),"англійська , чаморро",,долар США ( Класифікація валют (ISO 4217) ),+1 670
Американські Віргіни,https://uk.wikipedia.org/wiki/%D0%90%D0%BC%D0%B5%D1%80%D0%B8%D0%BA%D0%B0%D0%BD%D1%81%D1%8C%D0%BA%D1%96_%D0%92%D1%96%D1%80%D0%B3%D1%96%D0%BD%D1%81%D1%8C%D0%BA%D1%96_%D0%9E%D1%81%D1%82%D1%80%D0%BE%D0%B2%D0%B8,,англійська мова,,Долар США ( USD ),
Пуерто-Рико,https://uk.wikipedia.org/wiki/%D0%9F%D1%83%D0%B5%D1%80%D1%82%D0%BE-%D0%A0%D0%B8%D0%BA%D0%BE,,"іспанська мова , англійська мова",,Долар США ( USD ),"+1-787, +1-939"
Волліс і Футуна,https://uk.wikipedia.org/wiki/%D0%92%D0%BE%D0%BB%D0%BB%D1%96%D1%81_%D1%96_%D0%A4%D1%83%D1%82%D1%83%D0%BD%D0%B0,,французька,,Французький тихоокеанський франк ( XPF ),+681
Ян-Маєн,https://uk.wikipedia.org/wiki/%D0%AF%D0%BD-%D0%9C%D0%B0%D1%94%D0%BD,,,,,
Токелау,https://uk.wikipedia.org/wiki/%D0%A2%D0%BE%D0%BA%D0%B5%D0%BB%D0%B0%D1%83,Атафу,мова Токелау англійська самоанська 1,,Новозеландський долар ( NZD ),+690
Острів Петра I,https://uk.wikipedia.org/wiki/%D0%9E%D1%81%D1%82%D1%80%D1%96%D0%B2_%D0%9F%D0%B5%D1%82%D1%80%D0%B0_I,,немає,,,
Американське Самоа,https://uk.wikipedia.org/wiki/%D0%90%D0%BC%D0%B5%D1%80%D0%B8%D0%BA%D0%B0%D0%BD%D1%81%D1%8C%D0%BA%D0%B5_%D0%A1%D0%B0%D0%BC%D0%BE%D0%B0,Паго-Паго,"самоанська , англійська",,долар США ( USD ),+1 684
Територія Росса,https://uk.wikipedia.org/wiki/%D0%A2%D0%B5%D1%80%D0%B8%D1%82%D0%BE%D1%80%D1%96%D1%8F_%D0%A0%D0%BE%D1%81%D1%81%D0%B0,Скотт Мак-Мердо,англійська,,,+64-2409
Острів Буве,https://uk.wikipedia.org/wiki/%D0%91%D1%83%D0%B2%D0%B5,,немає,,,
Земля Королеви Мод,https://uk.wikipedia.org/wiki/%D0%97%D0%B5%D0%BC%D0%BB%D1%8F_%D0%9A%D0%BE%D1%80%D0%BE%D0%BB%D0%B5%D0%B2%D0%B8_%D0%9C%D0%BE%D0%B4,,немає,,,
Свальбард,https://uk.wikipedia.org/wiki/%D0%A1%D0%B2%D0%B0%D0%BB%D1%8C%D0%B1%D0%B0%D1%80%D0%B4,,норвезька,,Норвезька крона ( NOK ),+47
Острови Кука,https://uk.wikipedia.org/wiki/%D0%9E%D1%81%D1%82%D1%80%D0%BE%D0%B2%D0%B8_%D0%9A%D1%83%D0%BA%D0%B0,Аваруа,маорі о-вів Кука англійська 1,,Новозеландський долар ( NZD ),+682
Сінт-Мартен,https://uk.wikipedia.org/wiki/%D0%A1%D1%96%D0%BD%D1%82-%D0%9C%D0%B0%D1%80%D1%82%D0%B5%D0%BD,Філіпсбург,"нідерландська , англійська",,Нідерландський антильський гульден ( ANG ),+599
Кюрасао,https://uk.wikipedia.org/wiki/%D0%9A%D1%8E%D1%80%D0%B0%D1%81%D0%B0%D0%BE,,"Нідерландська , Пап'яменто , й англійська",,Гульден Нідерландських Антильських островів ( ANG ),+ +599
Ніуе,https://uk.wikipedia.org/wiki/%D0%9D%D1%96%D1%83%D0%B5,,"Англійська , ніуе",від Нової Зеландії,"Новозеландський долар , Долар Ніуе ( NZD )",+683
Фарери,https://uk.wikipedia.org/wiki/%D0%A4%D0%B0%D1%80%D0%B5%D1%80%D1%81%D1%8C%D0%BA%D1%96_%D0%9E%D1%81%D1%82%D1%80%D0%BE%D0%B2%D0%B8,Торсгавн 62°00′ пн. ш. 06°47′ зх. д. country H G O,"данська , фарерська",,Фарерська крона ( DKK ),+298
Гренландія,https://uk.wikipedia.org/wiki/%D0%93%D1%80%D0%B5%D0%BD%D0%BB%D0%B0%D0%BD%D0%B4%D1%96%D1%8F,,Гренландська,,Данська крона ( DKK ),+299
Фолкленди,https://uk.wikipedia.org/wiki/%D0%A4%D0%BE%D0%BB%D0%BA%D0%BB%D0%B5%D0%BD%D0%B4%D1%81%D1%8C%D0%BA%D1%96_%D0%9E%D1%81%D1%82%D1%80%D0%BE%D0%B2%D0%B8,,англійська,,Фолклендський фунт [b] ( FKP ),+500
Аруба,https://uk.wikipedia.org/wiki/%D0%90%D1%80%D1%83%D0%B1%D0%B0,Ораньєстад,"нідерландська мова , пап'яменто [ 1 ]",,Арубський флорін ( AWG ),+297
Теркс і Кайкос,https://uk.wikipedia.org/wiki/%D0%9E%D1%81%D1%82%D1%80%D0%BE%D0%B2%D0%B8_%D0%A2%D0%B5%D1%80%D0%BA%D1%81_%D1%96_%D0%9A%D0%B0%D0%B9%D0%BA%D0%BE%D1%81,Кокберн-Таун 21°28′ пн. ш. 71°08′ зх. д. country H G O,англійська мова,,Долар США ( USD ),+1-649
Південна Джорджія і Південні Сандвічеві Острови,https://uk.wikipedia.org/wiki/%D0%9F%D1%96%D0%B2%D0%B4%D0%B5%D0%BD%D0%BD%D0%B0_%D0%94%D0%B6%D0%BE%D1%80%D0%B4%D0%B6%D1%96%D1%8F_%D1%96_%D0%9F%D1%96%D0%B2%D0%B4%D0%B5%D0%BD%D0%BD%D1%96_%D0%A1%D0%B0%D0%BD%D0%B4%D0%B2%D1%96%D1%87%D0%B5%D0%B2%D1%96_%D0%9E%D1%81%D1%82%D1%80%D0%BE%D0%B2%D0%B8,Грютвікен ( Кінг-Едвард-Пойнт ),англійська,,Фунт стерлінгів ( GBP ),
Піткерн,https://uk.wikipedia.org/wiki/%D0%9F%D1%96%D1%82%D0%BA%D0%B5%D1%80%D0%BD,Адамстаун,"піткернська , англійська",,Новозеландський долар ( Класифікація валют (ISO 4217) ),+64
"Острови Святої Єлени, Вознесіння і Тристан-да-Кунья","https://uk.wikipedia.org/wiki/%D0%9E%D1%81%D1%82%D1%80%D0%BE%D0%B2%D0%B8_%D0%A1%D0%B2%D1%8F%D1%82%D0%BE%D1%97_%D0%84%D0%BB%D0%B5%D0%BD%D0%B8,_%D0%92%D0%BE%D0%B7%D0%BD%D0%B5%D1%81%D1%96%D0%BD%D0%BD%D1%8F_%D1%96_%D0%A2%D1%80%D0%B8%D1%81%D1%82%D0%B0%D0%BD-%D0%B4%D0%B0-%D0%9A%D1%83%D0%BD%D1%8C%D1%8F",Джеймстаун,англійська,,"Фунт Святої Єлени , Фунт стерлінгів ( SHP, GBP )",
Гернсі,https://uk.wikipedia.org/wiki/%D0%93%D0%B5%D1%80%D0%BD%D1%81%D1%96,Сент Пітер Порт,"англійська , французька",,Фунт стерлінгів ; Гернсійський фунт ( GBP;GGP ),+44
Монтсеррат,https://uk.wikipedia.org/wiki/%D0%9C%D0%BE%D0%BD%D1%82%D1%81%D0%B5%D1%80%D1%80%D0%B0%D1%82,Плімут 1 (Де-юре) Брейдс (Де-факто),англійська,,східнокарибський долар ( XCD ),
Британська Територія в Індійському Океані,https://uk.wikipedia.org/wiki/%D0%91%D1%80%D0%B8%D1%82%D0%B0%D0%BD%D1%81%D1%8C%D0%BA%D0%B0_%D0%A2%D0%B5%D1%80%D0%B8%D1%82%D0%BE%D1%80%D1%96%D1%8F_%D0%B2_%D0%86%D0%BD%D0%B4%D1%96%D0%B9%D1%81%D1%8C%D0%BA%D0%BE%D0%BC%D1%83_%D0%9E%D0%BA%D0%B5%D0%B0%D0%BD%D1%96,,Англійська,,Долар США [ 1 ] ( USD ),+246
Острів Мен,https://uk.wikipedia.org/wiki/%D0%9E%D1%81%D1%82%D1%80%D1%96%D0%B2_%D0%9C%D0%B5%D0%BD,Дуглас,англійська менська,,Фунт острова Мен (прив'язаний до Фунта стерлінгів ) ( IMP;GBP ),++44
Джерсі,https://uk.wikipedia.org/wiki/%D0%94%D0%B6%D0%B5%D1%80%D1%81%D1%96,Сент-Гелієр,англійська ; французька ; нормандська ( джерсійський діалект ),,"Фунт стерлінгів , Джерсійський фунт ( GBP;JEP )",+44-1534
Гібралтар,https://uk.wikipedia.org/wiki/%D0%93%D1%96%D0%B1%D1%80%D0%B0%D0%BB%D1%82%D0%B0%D1%80,Гібралтар 36°08′ пн. ш. 5°21′ зх. д. country H G O,англійська,,Гібралтарський фунт £ ( GIP ),+ +350
Кайманові Острови,https://uk.wikipedia.org/wiki/%D0%9A%D0%B0%D0%B9%D0%BC%D0%B0%D0%BD%D0%BE%D0%B2%D1%96_%D0%9E%D1%81%D1%82%D1%80%D0%BE%D0%B2%D0%B8,Джорджтаун 19°20′ пн. ш. 81°24′ зх. д. country H G O,Англійська,від Ямайки,Долар Кайманових Островів ( KYD ),+1 345
Британські Віргіни,https://uk.wikipedia.org/wiki/%D0%91%D1%80%D0%B8%D1%82%D0%B0%D0%BD%D1%81%D1%8C%D0%BA%D1%96_%D0%92%D1%96%D1%80%D0%B3%D1%96%D0%BD%D1%81%D1%8C%D0%BA%D1%96_%D0%9E%D1%81%D1%82%D1%80%D0%BE%D0%B2%D0%B8,,англійська,,долар США ( USD ),
Ангілья,https://uk.wikipedia.org/wiki/%D0%90%D0%BD%D0%B3%D1%96%D0%BB%D1%8C%D1%8F,,англійська,,Східно-карибський долар ( XCD ),
Бермуди,https://uk.wikipedia.org/wiki/%D0%91%D0%B5%D1%80%D0%BC%D1%83%D0%B4%D1%81%D1%8C%D0%BA%D1%96_%D0%9E%D1%81%D1%82%D1%80%D0%BE%D0%B2%D0%B8,Гамільтон 32°18′ пн. ш. 64°47′ зх. д. country H G O,Англійська 1,,Бермудський долар 3 ( BMD ),+1 441
Акротирі і Декелія,https://uk.wikipedia.org/wiki/%D0%90%D0%BA%D1%80%D0%BE%D1%82%D0%B8%D1%80%D1%96_%D1%96_%D0%94%D0%B5%D0%BA%D0%B5%D0%BB%D1%96%D1%8F,,"англійська , грецька",,Євро ( EUR ),+ 357
Британська Антарктична Територія,https://uk.wikipedia.org/wiki/%D0%91%D1%80%D0%B8%D1%82%D0%B0%D0%BD%D1%81%D1%8C%D0%BA%D0%B0_%D0%90%D0%BD%D1%82%D0%B0%D1%80%D0%BA%D1%82%D0%B8%D1%87%D0%BD%D0%B0_%D0%A2%D0%B5%D1%80%D0%B8%D1%82%D0%BE%D1%80%D1%96%D1%8F,Ротера,Англійська,,,
Острів Різдва,https://uk.wikipedia.org/wiki/%D0%9E%D1%81%D1%82%D1%80%D1%96%D0%B2_%D0%A0%D1%96%D0%B7%D0%B4%D0%B2%D0%B0,--,немає,,Австралійський долар ( AUD ),+61
Кокосові Острови,https://uk.wikipedia.org/wiki/%D0%9A%D0%BE%D0%BA%D0%BE%D1%81%D0%BE%D0%B2%D1%96_%D0%9E%D1%81%D1%82%D1%80%D0%BE%D0%B2%D0%B8,Західний острів,англійська ( de facto ),,Австралійський долар ( AUD ),+61 891
Острів Герд і острови Макдональд,https://uk.wikipedia.org/wiki/%D0%9E%D1%81%D1%82%D1%80%D0%BE%D0%B2%D0%B8_%D0%93%D0%B5%D1%80%D0%B4_%D1%96_%D0%9C%D0%B0%D0%BA%D0%B4%D0%BE%D0%BD%D0%B0%D0%BB%D1%8C%D0%B4,,,,,
Острови Коралового моря,https://uk.wikipedia.org/wiki/%D0%9E%D1%81%D1%82%D1%80%D0%BE%D0%B2%D0%B8_%D0%9A%D0%BE%D1%80%D0%B0%D0%BB%D0%BE%D0%B2%D0%BE%D0%B3%D0%BE_%D0%BC%D0%BE%D1%80%D1%8F,,,,,
Острів Норфолк,https://uk.wikipedia.org/wiki/%D0%9E%D1%81%D1%82%D1%80%D1%96%D0%B2_%D0%9D%D0%BE%D1%80%D1%84%D0%BE%D0%BB%D0%BA,Кінгстон (острів Норфолк),"Норфолкська мова , англійська",,Австралійський долар ( AUD ),++6723
Острови Ашмор і Картьє,https://uk.wikipedia.org/wiki/%D0%9E%D1%81%D1%82%D1%80%D0%BE%D0%B2%D0%B8_%D0%90%D1%88%D0%BC%D0%BE%D1%80_%D1%96_%D0%9A%D0%B0%D1%80%D1%82%D1%8C%D1%94,,,,,
Австралійська Антарктична Територія,https://uk.wikipedia.org/wiki/%D0%90%D0%B2%D1%81%D1%82%D1%80%D0%B0%D0%BB%D1%96%D0%B9%D1%81%D1%8C%D0%BA%D0%B0_%D0%90%D0%BD%D1%82%D0%B0%D1%80%D0%BA%D1%82%D0%B8%D1%87%D0%BD%D0%B0_%D0%A2%D0%B5%D1%80%D0%B8%D1%82%D0%BE%D1%80%D1%96%D1%8F,Девіс (антарктична станція),немає,,австралійський долар ( Класифікація валют (ISO 4217) ),+672
Японія,https://uk.wikipedia.org/wiki/%D0%AF%D0%BF%D0%BE%D0%BD%D1%96%D1%8F,Токіо [ ком. 1 ],немає [ ком. 2 ] [ 3 ],,Єна (¥) ( JPY ),+81
Ямайка,https://uk.wikipedia.org/wiki/%D0%AF%D0%BC%D0%B0%D0%B9%D0%BA%D0%B0,,англійська мова,,Ямайський долар ( JMD ),+876
Шрі-Ланка,https://uk.wikipedia.org/wiki/%D0%A8%D1%80%D1%96-%D0%9B%D0%B0%D0%BD%D0%BA%D0%B0,Шрі-Джаяварденепура-Котте 6°54′ пн. ш. 79°54′ сх. д. country H G O,"сингальська , тамільська",від Британської імперії,Рупія Шрі-Ланки ( LKR ),+94
Швеція,https://uk.wikipedia.org/wiki/%D0%A8%D0%B2%D0%B5%D1%86%D1%96%D1%8F,,шведська [ 1 ] [ 2 ],,Шведська крона ( SEK ),+46
Чад,https://uk.wikipedia.org/wiki/%D0%A7%D0%B0%D0%B4,,"Французька , арабська",від Франції,франк CFA ( XAF ),+235
Чорногорія,https://uk.wikipedia.org/wiki/%D0%A7%D0%BE%D1%80%D0%BD%D0%BE%D0%B3%D0%BE%D1%80%D1%96%D1%8F,,Чорногорська,,Євро [ 5 ] ( EUR ),+382
Чилі,https://uk.wikipedia.org/wiki/%D0%A7%D0%B8%D0%BB%D1%96,,іспанська мова,,Чилійський песо ( CLP ),+56
Швейцарія,https://uk.wikipedia.org/wiki/%D0%A8%D0%B2%D0%B5%D0%B9%D1%86%D0%B0%D1%80%D1%96%D1%8F,Берн ( де-факто ),"німецька ( швейцарський варіант ), французька , італійська , романшська",Конфедерація 1848 p.,Швейцарський франк ( CHF ),+41
Чехія,https://uk.wikipedia.org/wiki/%D0%A7%D0%B5%D1%85%D1%96%D1%8F,,Чеська,,Чеська крона ( CZK ),+420
Центральноафриканська Республіка,https://uk.wikipedia.org/wiki/%D0%A6%D0%B5%D0%BD%D1%82%D1%80%D0%B0%D0%BB%D1%8C%D0%BD%D0%BE%D0%B0%D1%84%D1%80%D0%B8%D0%BA%D0%B0%D0%BD%D1%81%D1%8C%D0%BA%D0%B0_%D0%A0%D0%B5%D1%81%D0%BF%D1%83%D0%B1%D0%BB%D1%96%D0%BA%D0%B0,,"Санго , французька",від Франції,Франк КФА ( XAF ),+236
Фінляндія,https://uk.wikipedia.org/wiki/%D0%A4%D1%96%D0%BD%D0%BB%D1%8F%D0%BD%D0%B4%D1%96%D1%8F,,"фінська , шведська",,Євро ( EUR ),+358
Хорватія,https://uk.wikipedia.org/wiki/%D0%A5%D0%BE%D1%80%D0%B2%D0%B0%D1%82%D1%96%D1%8F,,Хорватська,від СФРЮ,Євро ( EUR ),+385
Франція,https://uk.wikipedia.org/wiki/%D0%A4%D1%80%D0%B0%D0%BD%D1%86%D1%96%D1%8F,Париж,французька,,Євро — € ( EUR ),+33
Уругвай,https://uk.wikipedia.org/wiki/%D0%A3%D1%80%D1%83%D0%B3%D0%B2%D0%B0%D0%B9,,Іспанська,,Уругвайський песо ( UYU ),+598
Філіппіни,https://uk.wikipedia.org/wiki/%D0%A4%D1%96%D0%BB%D1%96%D0%BF%D0%BF%D1%96%D0%BD%D0%B8,Маніла 15°45′ пд. ш. 47°57′ зх. д. country H G O,"Філіппінська , Англійська",від Іспанії та Сполучених Штатів,Філіппінський песо ( РНР ),+63
Фіджі,https://uk.wikipedia.org/wiki/%D0%A4%D1%96%D0%B4%D0%B6%D1%96,,"Англійська , фіджійська і фіджійська гінді",від Великої Британії,Долар Фіджі ( FJD ),+679
Узбекистан,https://uk.wikipedia.org/wiki/%D0%A3%D0%B7%D0%B1%D0%B5%D0%BA%D0%B8%D1%81%D1%82%D0%B0%D0%BD,Ташкент,"узбецька , каракалпацька (регіональна)",,Узбецький сом ( UZS ),+998
Угорщина,https://uk.wikipedia.org/wiki/%D0%A3%D0%B3%D0%BE%D1%80%D1%89%D0%B8%D0%BD%D0%B0,,Угорська мова Угорська мова жестів [ 1 ] [ 2 ],,Форинт ( HUF ),+36
Уганда,https://uk.wikipedia.org/wiki/%D0%A3%D0%B3%D0%B0%D0%BD%D0%B4%D0%B0,,"Англійська , суахілі",від Великої Британії,Угандійський шилінг ( UGX ),+256
Туніс,https://uk.wikipedia.org/wiki/%D0%A2%D1%83%D0%BD%D1%96%D1%81,Туніс 36°50′ пн. ш. 10°09′ сх. д. country H G O,Арабська,,Туніський динар ( TND ),+216
Туркменістан,https://uk.wikipedia.org/wiki/%D0%A2%D1%83%D1%80%D0%BA%D0%BC%D0%B5%D0%BD%D1%96%D1%81%D1%82%D0%B0%D0%BD,,туркменська,,Туркменський манат ( TMT ),+993
Тувалу,https://uk.wikipedia.org/wiki/%D0%A2%D1%83%D0%B2%D0%B0%D0%BB%D1%83,Фунафуті,"англійська , тувалу",1 жовтня 1978 року (від Великої Британії ),"Долар Тувалу , Австралійський долар ( AUD )",+688
Туреччина,https://uk.wikipedia.org/wiki/%D0%A2%D1%83%D1%80%D0%B5%D1%87%D1%87%D0%B8%D0%BD%D0%B0,Анкара 39°55′ пн. ш. 32°50′ сх. д. country H G O,турецька,,Турецька ліра ( TRY ),+90
Україна,https://uk.wikipedia.org/wiki/%D0%A3%D0%BA%D1%80%D0%B0%D1%97%D0%BD%D0%B0,,українська,,"Гривня , ₴ ( UAH, код 980 )",+380
Тринідад і Тобаго,https://uk.wikipedia.org/wiki/%D0%A2%D1%80%D0%B8%D0%BD%D1%96%D0%B4%D0%B0%D0%B4_%D1%96_%D0%A2%D0%BE%D0%B1%D0%B0%D0%B3%D0%BE,Порт-оф-Спейн 10°40′ пн. ш. 61°31′ зх. д. country H G O,англійська,,Долар Тринідаду та Тобаго ( TTD ),+868
Того,https://uk.wikipedia.org/wiki/%D0%A2%D0%BE%D0%B3%D0%BE,,Французька,,КФА франк BCEAO ( XOF ),+228
Тонга,https://uk.wikipedia.org/wiki/%D0%A2%D0%BE%D0%BD%D0%B3%D0%B0,,"тонганська , англійська",від Великої Британії та Австралії,Паанга ( TOP ),+676
Танзанія,https://uk.wikipedia.org/wiki/%D0%A2%D0%B0%D0%BD%D0%B7%D0%B0%D0%BD%D1%96%D1%8F,Додома 6°00′ пд. ш. 35°00′ сх. д. country H G O,"Англійська (офіційна), суахілі (національна)",від Великої Британії,Танзанійський шилінг ( TZS ),+255
Таїланд,https://uk.wikipedia.org/wiki/%D0%A2%D0%B0%D1%97%D0%BB%D0%B0%D0%BD%D0%B4,,тайська,,Бат ( THB ),+66
Тайвань,https://uk.wikipedia.org/wiki/%D0%A0%D0%B5%D1%81%D0%BF%D1%83%D0%B1%D0%BB%D1%96%D0%BA%D0%B0_%D0%9A%D0%B8%D1%82%D0%B0%D0%B9,Тайбей,Мандаринська (ґоюй 國語 ),,Новий тайванський долар (NT$) ( TWD ),+886
Суринам,https://uk.wikipedia.org/wiki/%D0%A1%D1%83%D1%80%D0%B8%D0%BD%D0%B0%D0%BC,,нідерландська мова,,Суринамський долар ( SRD ),+597
Східний Тимор,https://uk.wikipedia.org/wiki/%D0%A1%D1%85%D1%96%D0%B4%D0%BD%D0%B8%D0%B9_%D0%A2%D0%B8%D0%BC%D0%BE%D1%80,,"Тетум , Португальська 1",від Португалії 2,"Долар США , Східнотиморське сентаво ( USD )",+670
Сьєрра-Леоне,https://uk.wikipedia.org/wiki/%D0%A1%D1%8C%D1%94%D1%80%D1%80%D0%B0-%D0%9B%D0%B5%D0%BE%D0%BD%D0%B5,,Англійська,,Леоне ( SLL ),+232
Судан,https://uk.wikipedia.org/wiki/%D0%A1%D1%83%D0%B4%D0%B0%D0%BD,,"арабська , англійська",,Суданський фунт ( SDG ),+249
Сполучені Штати Америки,https://uk.wikipedia.org/wiki/%D0%A1%D0%BF%D0%BE%D0%BB%D1%83%D1%87%D0%B5%D0%BD%D1%96_%D0%A8%D1%82%D0%B0%D1%82%D0%B8_%D0%90%D0%BC%D0%B5%D1%80%D0%B8%D0%BA%D0%B8,Вашингтон 32°53′ пн. ш. 77°01′ зх. д. country H G O,Де-юре — немає; Де-факто — англійська. див. Мови Сполучених Штатів Америки,,Долар США ( USD ),+1
Таджикистан,https://uk.wikipedia.org/wiki/%D0%A2%D0%B0%D0%B4%D0%B6%D0%B8%D0%BA%D0%B8%D1%81%D1%82%D0%B0%D0%BD,,"таджицька , російська",,Сомоні ( TJS ),+992
Соломонові Острови,https://uk.wikipedia.org/wiki/%D0%A1%D0%BE%D0%BB%D0%BE%D0%BC%D0%BE%D0%BD%D0%BE%D0%B2%D1%96_%D0%9E%D1%81%D1%82%D1%80%D0%BE%D0%B2%D0%B8,,англійська,від Великої Британії,Долар Соломонових островів ( SBD ),+677
Сирія,https://uk.wikipedia.org/wiki/%D0%A1%D0%B8%D1%80%D1%96%D1%8F,Дамаск 33°30′ пн. ш. 36°18′ сх. д. country H G O,Арабська,17 квітня 1946 від Франції [ 1 ],Сирійський фунт ( SYP ),+963
Словенія,https://uk.wikipedia.org/wiki/%D0%A1%D0%BB%D0%BE%D0%B2%D0%B5%D0%BD%D1%96%D1%8F,,словенська,від СФРЮ,Євро ( EUR ),
Сербія,https://uk.wikipedia.org/wiki/%D0%A1%D0%B5%D1%80%D0%B1%D1%96%D1%8F,,Сербська мова,,сербський динар ( RSD ),+381
Сомалі,https://uk.wikipedia.org/wiki/%D0%A1%D0%BE%D0%BC%D0%B0%D0%BB%D1%96,,"Сомалійська , арабська",Від Великої Британії та Італії,Сомалійський шилінг ( SOS ),+252
Сінгапур,https://uk.wikipedia.org/wiki/%D0%A1%D1%96%D0%BD%D0%B3%D0%B0%D0%BF%D1%83%D1%80,Сінгапур 1°17′ пн. ш. 103°50′ сх. д. country H G O,Англійська Малайська Мандаринська Тамільська,,Сінгапурський долар ( SGD ),+65
Словаччина,https://uk.wikipedia.org/wiki/%D0%A1%D0%BB%D0%BE%D0%B2%D0%B0%D1%87%D1%87%D0%B8%D0%BD%D0%B0,,словацька,,Євро ( EUR ),+421
Сент-Кіттс і Невіс,https://uk.wikipedia.org/wiki/%D0%A1%D0%B5%D0%BD%D1%82-%D0%9A%D1%96%D1%82%D1%82%D1%81_%D1%96_%D0%9D%D0%B5%D0%B2%D1%96%D1%81,,англійська,,Східно-карибський долар ( XCD ),+869
Сент-Люсія,https://uk.wikipedia.org/wiki/%D0%A1%D0%B5%D0%BD%D1%82-%D0%9B%D1%8E%D1%81%D1%96%D1%8F,,англійська мова,,Східно-карибський долар ( XCD ),+758
Сент-Вінсент і Гренадини,https://uk.wikipedia.org/wiki/%D0%A1%D0%B5%D0%BD%D1%82-%D0%92%D1%96%D0%BD%D1%81%D0%B5%D0%BD%D1%82_%D1%96_%D0%93%D1%80%D0%B5%D0%BD%D0%B0%D0%B4%D0%B8%D0%BD%D0%B8,,англійська мова,,Східно-карибський долар ( XCD ),+784
Сенегал,https://uk.wikipedia.org/wiki/%D0%A1%D0%B5%D0%BD%D0%B5%D0%B3%D0%B0%D0%BB,,Французька,,КФА франк BCEAO ( XOF ),+221
Сейшельські Острови,https://uk.wikipedia.org/wiki/%D0%A1%D0%B5%D0%B9%D1%88%D0%B5%D0%BB%D1%8C%D1%81%D1%8C%D0%BA%D1%96_%D0%9E%D1%81%D1%82%D1%80%D0%BE%D0%B2%D0%B8,Вікторія 4°35′ пд. ш. 55°40′ сх. д. country H G O,"сейшельська , французька , англійська",,Сейшельська рупія ( SCR ),+248
Саудівська Аравія,https://uk.wikipedia.org/wiki/%D0%A1%D0%B0%D1%83%D0%B4%D1%96%D0%B2%D1%81%D1%8C%D0%BA%D0%B0_%D0%90%D1%80%D0%B0%D0%B2%D1%96%D1%8F,,Арабська,,Ріал ( SAR ),+966
Самоа,https://uk.wikipedia.org/wiki/%D0%A1%D0%B0%D0%BC%D0%BE%D0%B0,Апіа 13°50′ пд. ш. 171°50′ зх. д. country H G O,"самоанська , англійська",від Нової Зеландії,Самоанська тала ( WST ),+685
Сан-Томе і Принсіпі,https://uk.wikipedia.org/wiki/%D0%A1%D0%B0%D0%BD-%D0%A2%D0%BE%D0%BC%D0%B5_%D1%96_%D0%9F%D1%80%D0%B8%D0%BD%D1%81%D1%96%D0%BF%D1%96,Сан-Томе 0°20′ пн. ш. 6°44′ сх. д. country H G O,Португальська,від Португалії,Добра ( STD ),+239
Сальвадор,https://uk.wikipedia.org/wiki/%D0%A1%D0%B0%D0%BB%D1%8C%D0%B2%D0%B0%D0%B4%D0%BE%D1%80,,іспанська мова,,"Долар США , Біткойн ( USD, BTC )",+503
Румунія,https://uk.wikipedia.org/wiki/%D0%A0%D1%83%D0%BC%D1%83%D0%BD%D1%96%D1%8F,Бухарест ( București ) 44°25′ пн. ш. 26°06′ сх. д. country H G O,Румунська,,Румунський лей ( RON ),+40
Сан-Марино,https://uk.wikipedia.org/wiki/%D0%A1%D0%B0%D0%BD-%D0%9C%D0%B0%D1%80%D0%B8%D0%BD%D0%BE,Сан-Марино 43°56′ пн. ш. 12°27′ сх. д. country H G O,Італійська,від Римської імперії,євро (€) ( EUR ),+378
Перу,https://uk.wikipedia.org/wiki/%D0%9F%D0%B5%D1%80%D1%83,,"Іспанська , кечуа , аймара",,Перуанський соль ( PEN ),+51
Південний Судан,https://uk.wikipedia.org/wiki/%D0%9F%D1%96%D0%B2%D0%B4%D0%B5%D0%BD%D0%BD%D0%B8%D0%B9_%D0%A1%D1%83%D0%B4%D0%B0%D0%BD,,"англійська , арабська",,Південносуданський фунт ( Класифікація валют (ISO 4217) ),+211 [ 2 ]
Руанда,https://uk.wikipedia.org/wiki/%D0%A0%D1%83%D0%B0%D0%BD%D0%B4%D0%B0,,"кіньяруанда , французька , англійська , суахілі",від Бельгії,Руандійський франк ( RWF ),+250
Португалія,https://uk.wikipedia.org/wiki/%D0%9F%D0%BE%D1%80%D1%82%D1%83%D0%B3%D0%B0%D0%BB%D1%96%D1%8F,Лісабон 38°46′ пн. ш. 9°11′ зх. д. country H G O,португальська ; мірандська (регіональна),,Євро ( EUR ),+351
Південно-Африканська Республіка,https://uk.wikipedia.org/wiki/%D0%9F%D1%96%D0%B2%D0%B4%D0%B5%D0%BD%D0%BD%D0%BE-%D0%90%D1%84%D1%80%D0%B8%D0%BA%D0%B0%D0%BD%D1%81%D1%8C%D0%BA%D0%B0_%D0%A0%D0%B5%D1%81%D0%BF%D1%83%D0%B1%D0%BB%D1%96%D0%BA%D0%B0,Кейптаун (законодавча) Преторія (адміністративна) Блумфонтейн (судова),"Англійська , африкаанс , південна ндебеле , коса , зулу , північна сото , південна сото , сетсвана , свазі , венда , тсонга",31 травня 1961,Ранд ( ZAR ),+27
Росія,https://uk.wikipedia.org/wiki/%D0%A0%D0%BE%D1%81%D1%96%D1%8F,,Російська ; 30 мов офіційні у низці регіонів,,рубль ( RUB ),+7
Північна Македонія,https://uk.wikipedia.org/wiki/%D0%9F%D1%96%D0%B2%D0%BD%D1%96%D1%87%D0%BD%D0%B0_%D0%9C%D0%B0%D0%BA%D0%B5%D0%B4%D0%BE%D0%BD%D1%96%D1%8F,Скоп'є 42°00′ пн. ш. 21°26′ сх. д. country H G O,македонська албанська,від СФРЮ,македонський денар ( MKD ),+389
Польща,https://uk.wikipedia.org/wiki/%D0%9F%D0%BE%D0%BB%D1%8C%D1%89%D0%B0,,Польська 1,,Злотий ( PLN ),+ 48
Парагвай,https://uk.wikipedia.org/wiki/%D0%9F%D0%B0%D1%80%D0%B0%D0%B3%D0%B2%D0%B0%D0%B9,,"іспанська , гуарані",,Гуарані ( PYG ),+595
Панама,https://uk.wikipedia.org/wiki/%D0%9F%D0%B0%D0%BD%D0%B0%D0%BC%D0%B0,,іспанська мова,,"Бальбоа , Долар США ( PAB, USD )",+507
Палау,https://uk.wikipedia.org/wiki/%D0%9F%D0%B0%D0%BB%D0%B0%D1%83,Нгерулмуд 7°21′ пн. ш. 134°28′ сх. д. country H G O,"англійська , палауська , японська , тобійська , сонсорольська",,Долар США ( USD ),+ 680
Палестина,https://uk.wikipedia.org/wiki/%D0%9F%D0%B0%D0%BB%D0%B5%D1%81%D1%82%D0%B8%D0%BD%D1%81%D1%8C%D0%BA%D0%B0_%D0%B4%D0%B5%D1%80%D0%B6%D0%B0%D0%B2%D0%B0,Рамалла [ 1 ] [ 2 ],Арабська,від Ізраїля,Ізраїльський новий шекель ( Класифікація валют (ISO 4217) ),+970
Папуа Нова Гвінея,https://uk.wikipedia.org/wiki/%D0%9F%D0%B0%D0%BF%D1%83%D0%B0_%D0%9D%D0%BE%D0%B2%D0%B0_%D0%93%D0%B2%D1%96%D0%BD%D0%B5%D1%8F,,"англійська , ток-пісін , гірі-моту",від Австралії,кіна ( PGK ),+675
Пакистан,https://uk.wikipedia.org/wiki/%D0%9F%D0%B0%D0%BA%D0%B8%D1%81%D1%82%D0%B0%D0%BD,Ісламабад,"урду , англійська",,Рупія ( PKR ),+92
Оман,https://uk.wikipedia.org/wiki/%D0%9E%D0%BC%D0%B0%D0%BD,Маскат 23°36′ пн. ш. 58°33′ сх. д. country H G O,Арабська,,Оманський ріал ( OMR ),+968
Об'єднані Арабські Емірати,https://uk.wikipedia.org/wiki/%D0%9E%D0%B1%27%D1%94%D0%B4%D0%BD%D0%B0%D0%BD%D1%96_%D0%90%D1%80%D0%B0%D0%B1%D1%81%D1%8C%D0%BA%D1%96_%D0%95%D0%BC%D1%96%D1%80%D0%B0%D1%82%D0%B8,Абу-Дабі 22°47′ пн. ш. 54°37′ сх. д. country H G O,Арабська,,Дирхам ( AED ),+971
Нікарагуа,https://uk.wikipedia.org/wiki/%D0%9D%D1%96%D0%BA%D0%B0%D1%80%D0%B0%D0%B3%D1%83%D0%B0,,іспанська мова,,Кордоба ( NIO ),+505
Нігерія,https://uk.wikipedia.org/wiki/%D0%9D%D1%96%D0%B3%D0%B5%D1%80%D1%96%D1%8F,Абуджа 9°10′ пн. ш. 7°10′ сх. д. country H G O,Англійська,від Великої Британії,Найра (₦) ( NGN ),+234
Нова Зеландія,https://uk.wikipedia.org/wiki/%D0%9D%D0%BE%D0%B2%D0%B0_%D0%97%D0%B5%D0%BB%D0%B0%D0%BD%D0%B4%D1%96%D1%8F,Веллінгтон 41°17′ пд. ш. 174°27′ сх. д. country H G O,Англійська 3 Маорі NZ мова жестів,від Великої Британії,Новозеландський долар ( NZD ),+64
Непал,https://uk.wikipedia.org/wiki/%D0%9D%D0%B5%D0%BF%D0%B0%D0%BB,Катманду,непальська,,Непальська рупія ( Класифікація валют (ISO 4217) ),+977
Німеччина,https://uk.wikipedia.org/wiki/%D0%9D%D1%96%D0%BC%D0%B5%D1%87%D1%87%D0%B8%D0%BD%D0%B0,,німецька 1,,Євро ( € ) ( EUR ),+49
Науру,https://uk.wikipedia.org/wiki/%D0%9D%D0%B0%D1%83%D1%80%D1%83,.mw-parser-output .ts-comment-commentedText{border-bottom:1px dotted;cursor:help}@media(hover:none){.mw-parser-output .ts-comment-commentedText:not(.rt-commentedText){border-bottom:0;cursor:auto}} відсутня,Науруанська,від Великої Британії та Австралії,Австралійський долар ( AUD ),+674
Норвегія,https://uk.wikipedia.org/wiki/%D0%9D%D0%BE%D1%80%D0%B2%D0%B5%D0%B3%D1%96%D1%8F,,"норвезька , саамська",,Норвезька крона ( NOK ),+47
Нідерланди,https://uk.wikipedia.org/wiki/%D0%9D%D1%96%D0%B4%D0%B5%D1%80%D0%BB%D0%B0%D0%BD%D0%B4%D0%B8,,"нідерландська , західнофризька мова (друга офіційна, тільки в провінції Фрисландія)",,Євро ( EUR ),+31
Нігер,https://uk.wikipedia.org/wiki/%D0%9D%D1%96%D0%B3%D0%B5%D1%80,,Французька,від Франції,франк КФА ( XOF ),+227
Намібія,https://uk.wikipedia.org/wiki/%D0%9D%D0%B0%D0%BC%D1%96%D0%B1%D1%96%D1%8F,,англійська,від ПАР,Намібійський долар ( NAD ),+264
Мікронезія,https://uk.wikipedia.org/wiki/%D0%A4%D0%B5%D0%B4%D0%B5%D1%80%D0%B0%D1%82%D0%B8%D0%B2%D0%BD%D1%96_%D0%A8%D1%82%D0%B0%D1%82%D0%B8_%D0%9C%D1%96%D0%BA%D1%80%D0%BE%D0%BD%D0%B5%D0%B7%D1%96%D1%97,Палікір 6°55′ пн. ш. 158°09′ сх. д. country H G O,"англійська (державна), улітійська , волеаянська , япська , понпейська , косрае та чуукська (на місцевому рівні)",від США,Долар США ( USD ),+691
Мозамбік,https://uk.wikipedia.org/wiki/%D0%9C%D0%BE%D0%B7%D0%B0%D0%BC%D0%B1%D1%96%D0%BA,,Португальська,,метікал (Mt) ( MZM ),+258
Мексика,https://uk.wikipedia.org/wiki/%D0%9C%D0%B5%D0%BA%D1%81%D0%B8%D0%BA%D0%B0,,іспанська мова,,Мексиканський песо ( MXN ),+52
М'янма,https://uk.wikipedia.org/wiki/%D0%9C%27%D1%8F%D0%BD%D0%BC%D0%B0,Найп'їдо [ 1 ],бірманська,4 січня 1948,м'янмський к'ят ( Класифікація валют (ISO 4217) ),+95
Монголія,https://uk.wikipedia.org/wiki/%D0%9C%D0%BE%D0%BD%D0%B3%D0%BE%D0%BB%D1%96%D1%8F,,Монгольська,,Тугрик ( MNT ),+976
Монако,https://uk.wikipedia.org/wiki/%D0%9C%D0%BE%D0%BD%D0%B0%D0%BA%D0%BE,Монако 43°44′ пн. ш. 7°24′ сх. д. country H G O,французька,,Євро ( EUR ),+377
Молдова,https://uk.wikipedia.org/wiki/%D0%9C%D0%BE%D0%BB%D0%B4%D0%BE%D0%B2%D0%B0,Кишинів 47°00′ пн. ш. 28°55′ сх. д. country H G O,румунська [ 1 ] [ 2 ] [ 3 ] [ 4 ],,Лей ( MDL ),+373
Маршаллові Острови,https://uk.wikipedia.org/wiki/%D0%9C%D0%B0%D1%80%D1%88%D0%B0%D0%BB%D0%BB%D0%BE%D0%B2%D1%96_%D0%9E%D1%81%D1%82%D1%80%D0%BE%D0%B2%D0%B8,,"маршалезька , англійська",,долар США ( USD ),+692
Малаві,https://uk.wikipedia.org/wiki/%D0%9C%D0%B0%D0%BB%D0%B0%D0%B2%D1%96,,Англійська (офіційна) Ньянджа (національна),від Великої Британії,Малавійська квача (D) ( MWK ),+265
Мальта,https://uk.wikipedia.org/wiki/%D0%9C%D0%B0%D0%BB%D1%8C%D1%82%D0%B0,Валлетта,"мальтійська , англійська",від Великої Британії,Євро ( EUR ),+356
Марокко,https://uk.wikipedia.org/wiki/%D0%9C%D0%B0%D1%80%D0%BE%D0%BA%D0%BA%D0%BE,Рабат 34°02′ пн. ш. 6°51′ зх. д. country H G O,"арабська , берберська . Населення використовує французьку (60 %), арабську (30 %) та іспанську (5 %).",,Марокканський дирхам ( MAD ),+212
Мальдіви,https://uk.wikipedia.org/wiki/%D0%9C%D0%B0%D0%BB%D1%8C%D0%B4%D1%96%D0%B2%D0%B8,Мале,мальдівська,26 липня 1965,Мальдівська руфія ( Класифікація валют (ISO 4217) ),+960
Малі,https://uk.wikipedia.org/wiki/%D0%9C%D0%B0%D0%BB%D1%96,,"Бамана , сонінке , хасанія , бому , тамашек , сонхай , фульфульде , бозо , манінканкан , догон , сієнара , мамара та хасонгаксанго",від Франції,КФА франк BCEAO ( XOF ),+223
Малайзія,https://uk.wikipedia.org/wiki/%D0%9C%D0%B0%D0%BB%D0%B0%D0%B9%D0%B7%D1%96%D1%8F,"Куала-Лумпур ( король , парламент ) Путраджая ( уряд ) 3°08′ пн. ш. 101°42′ сх. д. country H G O",Малайська,,Ринґіт (RM) ( MYR ),+60
Мавританія,https://uk.wikipedia.org/wiki/%D0%9C%D0%B0%D0%B2%D1%80%D0%B8%D1%82%D0%B0%D0%BD%D1%96%D1%8F,,"Стандартна арабська , французька",від Франції,Мавританська угія ( MRO ),+222
Мадагаскар,https://uk.wikipedia.org/wiki/%D0%9C%D0%B0%D0%B4%D0%B0%D0%B3%D0%B0%D1%81%D0%BA%D0%B0%D1%80,Антананаріву 18°55′ пд. ш. 47°31′ сх. д. country H G O,"Малагасійська , французька",від Франції,Малаґасійський аріарі ( MGA ),+261
Маврикій,https://uk.wikipedia.org/wiki/%D0%9C%D0%B0%D0%B2%D1%80%D0%B8%D0%BA%D1%96%D0%B9,,"Англійська , французька , маврикійська креольська",від Великої Британії,Маврикійська рупія ( MUR ),+230
Лесото,https://uk.wikipedia.org/wiki/%D0%9B%D0%B5%D1%81%D0%BE%D1%82%D0%BE,,"Сесото , Англійська",,Лоті ( LSL ),+266
Ліхтенштейн,https://uk.wikipedia.org/wiki/%D0%9B%D1%96%D1%85%D1%82%D0%B5%D0%BD%D1%88%D1%82%D0%B5%D0%B9%D0%BD,Вадуц,Німецька,,Швейцарський франк ( CHF ),+423
Лівія,https://uk.wikipedia.org/wiki/%D0%9B%D1%96%D0%B2%D1%96%D1%8F,,Арабська,,Лівійський динар ( LYD ),+218
Ліван,https://uk.wikipedia.org/wiki/%D0%9B%D1%96%D0%B2%D0%B0%D0%BD,,Арабська,,Ліванський фунт ( LBP ),+961
Ліберія,https://uk.wikipedia.org/wiki/%D0%9B%D1%96%D0%B1%D0%B5%D1%80%D1%96%D1%8F,,Англійська,,Ліберійський долар ( LRD ),+231
Литва,https://uk.wikipedia.org/wiki/%D0%9B%D0%B8%D1%82%D0%B2%D0%B0,,литовська,,Лит → Євро (з 1 січня 2015 ) ( LTL → EUR ),+370
Люксембург,https://uk.wikipedia.org/wiki/%D0%9B%D1%8E%D0%BA%D1%81%D0%B5%D0%BC%D0%B1%D1%83%D1%80%D0%B3,,"люксембурзька , німецька і французька",від Французької імперії,Євро ( EUR ),+352
Латвія,https://uk.wikipedia.org/wiki/%D0%9B%D0%B0%D1%82%D0%B2%D1%96%D1%8F,,Латиська,,Євро ( EUR ),+371
Кувейт,https://uk.wikipedia.org/wiki/%D0%9A%D1%83%D0%B2%D0%B5%D0%B9%D1%82,,Арабська,,Кувейтський динар ( KWD ),+965
Куба,https://uk.wikipedia.org/wiki/%D0%9A%D1%83%D0%B1%D0%B0,,іспанська мова,,Кубинський песо ( CUP ),+53
Лаос,https://uk.wikipedia.org/wiki/%D0%9B%D0%B0%D0%BE%D1%81,,лаоська,від Франції,Лаоський кіп (складається зі 100 атів) ( LAK ),+856
Коста-Рика,https://uk.wikipedia.org/wiki/%D0%9A%D0%BE%D1%81%D1%82%D0%B0-%D0%A0%D0%B8%D0%BA%D0%B0,,іспанська мова,,Костариканський колон ( CRC ),+506
Кот-д'Івуар,https://uk.wikipedia.org/wiki/%D0%9A%D0%BE%D1%82-%D0%B4%27%D0%86%D0%B2%D1%83%D0%B0%D1%80,Ямусукро (офіційно) Абіджан ( де факто ) 6°51′ пн. ш. 5°18′ зх. д. country H G O,Французька,від Франції,КФА франк BCEAO ( XOF ),
Косово,https://uk.wikipedia.org/wiki/%D0%9A%D0%BE%D1%81%D0%BE%D0%B2%D0%BE,,"албанська , сербська Мови національних меншин: турецька , ґоранська, циганська , боснійська",,євро ( EUR ),+383
Південна Корея,https://uk.wikipedia.org/wiki/%D0%9F%D1%96%D0%B2%D0%B4%D0%B5%D0%BD%D0%BD%D0%B0_%D0%9A%D0%BE%D1%80%D0%B5%D1%8F,,корейська ( pyojuneo [en] ) корейська жестова мова [en] [ 2 ],,Південнокорейська вона (₩) ( KRW ),+82
Північна Корея,https://uk.wikipedia.org/wiki/%D0%9F%D1%96%D0%B2%D0%BD%D1%96%D1%87%D0%BD%D0%B0_%D0%9A%D0%BE%D1%80%D0%B5%D1%8F,,Корейська,,Північнокорейська вона (₩) ( KPW ),+850
Республіка Конго,https://uk.wikipedia.org/wiki/%D0%A0%D0%B5%D1%81%D0%BF%D1%83%D0%B1%D0%BB%D1%96%D0%BA%D0%B0_%D0%9A%D0%BE%D0%BD%D0%B3%D0%BE,,Французька,від Франції,КФА франк BEAC ( XAF ),+242
ДР Конго,https://uk.wikipedia.org/wiki/%D0%94%D0%B5%D0%BC%D0%BE%D0%BA%D1%80%D0%B0%D1%82%D0%B8%D1%87%D0%BD%D0%B0_%D0%A0%D0%B5%D1%81%D0%BF%D1%83%D0%B1%D0%BB%D1%96%D0%BA%D0%B0_%D0%9A%D0%BE%D0%BD%D0%B3%D0%BE,,Французька,,Конголезький франк ( CDF ),+243
Коморські Острови,https://uk.wikipedia.org/wiki/%D0%9A%D0%BE%D0%BC%D0%BE%D1%80%D1%81%D1%8C%D0%BA%D1%96_%D0%9E%D1%81%D1%82%D1%80%D0%BE%D0%B2%D0%B8,,"Коморська , Арабська , Французька",від Франції,Коморський франк ( KMF ),+269
Колумбія,https://uk.wikipedia.org/wiki/%D0%9A%D0%BE%D0%BB%D1%83%D0%BC%D0%B1%D1%96%D1%8F,,іспанська мова,,Колумбійський песо ( COP ),+57
Кірибаті,https://uk.wikipedia.org/wiki/%D0%9A%D1%96%D1%80%D0%B8%D0%B1%D0%B0%D1%82%D1%96,Південна Тарава 1°28′ пн. ш. 173°02′ сх. д. country H G O,"кірибаті , англійська",,Австралійський долар ( AUD ),+686
Кіпр,https://uk.wikipedia.org/wiki/%D0%9A%D1%96%D0%BF%D1%80,Нікосія Лефкосія (грецькою) Лефкоша (турецькою) 35°08′ пн. ш. 33°28′ сх. д. country H G O,"грецька , турецька [ 1 ]",,євро ( EUR 7 ),+357 6
Китай,https://uk.wikipedia.org/wiki/%D0%9A%D0%B8%D1%82%D0%B0%D0%B9%D1%81%D1%8C%D0%BA%D0%B0_%D0%9D%D0%B0%D1%80%D0%BE%D0%B4%D0%BD%D0%B0_%D0%A0%D0%B5%D1%81%D0%BF%D1%83%D0%B1%D0%BB%D1%96%D0%BA%D0%B0,Пекін,китайська (державна мова) монгольська уйгурська тибетська чжуанська інші (визнані регіональні) 2,,Юань (RMB¥) 4 ( CNY ),+86 4
Киргизстан,https://uk.wikipedia.org/wiki/%D0%9A%D0%B8%D1%80%D0%B3%D0%B8%D0%B7%D1%81%D1%82%D0%B0%D0%BD,Бішкек,Киргизька (державна) Російська (офіційна),,Сом ( KGS ),+996
Кабо-Верде,https://uk.wikipedia.org/wiki/%D0%9A%D0%B0%D0%B1%D0%BE-%D0%92%D0%B5%D1%80%D0%B4%D0%B5,,Португальська,від Португалії,Ескудо Кабо-Верде ( CVE ),+238
Камбоджа,https://uk.wikipedia.org/wiki/%D0%9A%D0%B0%D0%BC%D0%B1%D0%BE%D0%B4%D0%B6%D0%B0,,Кхмерська,від Французької республіки,Камбоджійський рієль (៛) 1 ( KHR ),+855
Казахстан,https://uk.wikipedia.org/wiki/%D0%9A%D0%B0%D0%B7%D0%B0%D1%85%D1%81%D1%82%D0%B0%D0%BD,Астана,"Казахська , Російська",,Тенге ( KZT ),+7
Кенія,https://uk.wikipedia.org/wiki/%D0%9A%D0%B5%D0%BD%D1%96%D1%8F,,"кісуахілі , англійська",від Великої Британії,Кенійський шилінг ( KES ),+254
Катар,https://uk.wikipedia.org/wiki/%D0%9A%D0%B0%D1%82%D0%B0%D1%80,,Арабська,,Ріал ( QAR ),+974
Камерун,https://uk.wikipedia.org/wiki/%D0%9A%D0%B0%D0%BC%D0%B5%D1%80%D1%83%D0%BD,Яунде 3°52′ пн. ш. 11°31′ сх. д. country H G O,"Англійська , французька",від Франції і Великої Британії,франк КФА ( XAF ),+237
Йорданія,https://uk.wikipedia.org/wiki/%D0%99%D0%BE%D1%80%D0%B4%D0%B0%D0%BD%D1%96%D1%8F,,Арабська,,Йорданський динар ( JOD ),+962
Канада,https://uk.wikipedia.org/wiki/%D0%9A%D0%B0%D0%BD%D0%B0%D0%B4%D0%B0,Оттава 45°24′ пн. ш. 75°40′ зх. д. country H G O,"англійська мова , французька мова",Канадська конфедерація,Канадський долар ( CAD ),+1
Іспанія,https://uk.wikipedia.org/wiki/%D0%86%D1%81%D0%BF%D0%B0%D0%BD%D1%96%D1%8F,,іспанська,,Євро ( EUR ),+34
Італія,https://uk.wikipedia.org/wiki/%D0%86%D1%82%D0%B0%D0%BB%D1%96%D1%8F,,Італійська,,€ Євро ( EUR ),+39
Ісландія,https://uk.wikipedia.org/wiki/%D0%86%D1%81%D0%BB%D0%B0%D0%BD%D0%B4%D1%96%D1%8F,,Ісландська мова Ісландська мова жестів [ 1 ] [ 2 ],від Королівства Данія,Ісландська крона ( ISK ),+354
Ірландія,https://uk.wikipedia.org/wiki/%D0%86%D1%80%D0%BB%D0%B0%D0%BD%D0%B4%D1%96%D1%8F,,"ірландська , англійська",від Сполученого Королівства Великої Британії та Ірландії,Євро 1 ( EUR ),+353
Ірак,https://uk.wikipedia.org/wiki/%D0%86%D1%80%D0%B0%D0%BA,Багдад 2 33°20′ пн. ш. 44°26′ сх. д. country H G O,"Арабська , Курдська",,Іракський динар ( IQD ),+964
Індонезія,https://uk.wikipedia.org/wiki/%D0%86%D0%BD%D0%B4%D0%BE%D0%BD%D0%B5%D0%B7%D1%96%D1%8F,,Індонезійська,від Нідерландів,рупія ( IDR ),+62
Індія,https://uk.wikipedia.org/wiki/%D0%86%D0%BD%D0%B4%D1%96%D1%8F,Нью-Делі,Гінді та англійська,15 серпня 1947,Індійська рупія ( INR ),+91
Іран,https://uk.wikipedia.org/wiki/%D0%86%D1%80%D0%B0%D0%BD,,Перська (фарсі),,Іранський ріал ( IRR ),+98
Зімбабве,https://uk.wikipedia.org/wiki/%D0%97%D1%96%D0%BC%D0%B1%D0%B0%D0%B1%D0%B2%D0%B5,,"Шона , Ісіндебеле , Англійська",,Долар США ( ZWD ),+263
Ізраїль,https://uk.wikipedia.org/wiki/%D0%86%D0%B7%D1%80%D0%B0%D1%97%D0%BB%D1%8C,Єрусалим (загалом невизнана) [ fn 1 ] 31°47′ пн. ш. 35°13′ сх. д. country H G O,"Іврит , арабська мова [ 9 ] [ 10 ]",,Ізраїльський новий шекель ( ILS ),+972
Естонія,https://uk.wikipedia.org/wiki/%D0%95%D1%81%D1%82%D0%BE%D0%BD%D1%96%D1%8F,,естонська,,євро ( EUR ),+372
Західна Сахара,https://uk.wikipedia.org/wiki/%D0%97%D0%B0%D1%85%D1%96%D0%B4%D0%BD%D0%B0_%D0%A1%D0%B0%D1%85%D0%B0%D1%80%D0%B0,Ель-Аюн,,,Марокканський дирхам Сахравійська песета,
Еритрея,https://uk.wikipedia.org/wiki/%D0%95%D1%80%D0%B8%D1%82%D1%80%D0%B5%D1%8F,Асмера,"немає; фактично: тигринья та арабська , в меншій мірі: англійська та італійська",від Ефіопії,Накфа ( ERN ),+291
Єгипет,https://uk.wikipedia.org/wiki/%D0%84%D0%B3%D0%B8%D0%BF%D0%B5%D1%82,Каїр,Арабська,28 лютого 1922,Єгипетський фунт ( EGP ),+20
Домініканська Республіка,https://uk.wikipedia.org/wiki/%D0%94%D0%BE%D0%BC%D1%96%D0%BD%D1%96%D0%BA%D0%B0%D0%BD%D1%81%D1%8C%D0%BA%D0%B0_%D0%A0%D0%B5%D1%81%D0%BF%D1%83%D0%B1%D0%BB%D1%96%D0%BA%D0%B0,,іспанська мова,,Домініканський песо ( DOP ),+809
Еквадор,https://uk.wikipedia.org/wiki/%D0%95%D0%BA%D0%B2%D0%B0%D0%B4%D0%BE%D1%80,Кіто 00°09′ пд. ш. 78°21′ зх. д. country H G O,іспанська мова,,"Еквадорський сукре (до 2000 ), Долар США ( USD )",+593
Екваторіальна Гвінея,https://uk.wikipedia.org/wiki/%D0%95%D0%BA%D0%B2%D0%B0%D1%82%D0%BE%D1%80%D1%96%D0%B0%D0%BB%D1%8C%D0%BD%D0%B0_%D0%93%D0%B2%D1%96%D0%BD%D0%B5%D1%8F,Малабо,"іспанська [ 1 ] , португальська [ 2 ]",12 жовтня 1968 р. (від Іспанії ),африканський франк ( [[Класифікація валют (ISO 4217)| XAF ]] ),+240
Замбія,https://uk.wikipedia.org/wiki/%D0%97%D0%B0%D0%BC%D0%B1%D1%96%D1%8F,Лусака 15°25′ пд. ш. 28°17′ сх. д. country H G O,Англійська,від Великої Британії,Замбійська квача ( ZMW ),+260
Домініка,https://uk.wikipedia.org/wiki/%D0%94%D0%BE%D0%BC%D1%96%D0%BD%D1%96%D0%BA%D0%B0,,англійська мова,,Східно-карибський долар ( XCD ),+1 767
Джибуті,https://uk.wikipedia.org/wiki/%D0%94%D0%B6%D0%B8%D0%B1%D1%83%D1%82%D1%96,,Арабська та Французька,від Франції,Джибутійський франк ( DJF ),+253
Данія,https://uk.wikipedia.org/wiki/%D0%94%D0%B0%D0%BD%D1%96%D1%8F,,данська,,Данська крона ( DKK ),+45
Гондурас,https://uk.wikipedia.org/wiki/%D0%93%D0%BE%D0%BD%D0%B4%D1%83%D1%80%D0%B0%D1%81,,іспанська мова,,Лемпіра ( HNL ),+504
Гренада,https://uk.wikipedia.org/wiki/%D0%93%D1%80%D0%B5%D0%BD%D0%B0%D0%B4%D0%B0,,англійська мова,,Східно-карибський долар ( XCD ),+473
Грузія,https://uk.wikipedia.org/wiki/%D0%93%D1%80%D1%83%D0%B7%D1%96%D1%8F,Тбілісі,грузинська,,ларі ( ) ( GEL ),+995
Есватіні,https://uk.wikipedia.org/wiki/%D0%95%D1%81%D0%B2%D0%B0%D1%82%D1%96%D0%BD%D1%96,Лобамба (королівська та законодавча) Мбабане (адміністративна; координати нижче),"свазі , англійська",,Ліланджені ( SZL ),+268
Гвінея-Бісау,https://uk.wikipedia.org/wiki/%D0%93%D0%B2%D1%96%D0%BD%D0%B5%D1%8F-%D0%91%D1%96%D1%81%D0%B0%D1%83,,Португальська,від Португалії,КФА франк BCEAO ( XOF ),+245
Ефіопія,https://uk.wikipedia.org/wiki/%D0%95%D1%84%D1%96%D0%BE%D0%BF%D1%96%D1%8F,Аддис-Абеба 8°58′ пн. ш. 39°00′ сх. д. country H G O,Амхарська мова,X ст. до н.е.,Ефіопський бир ( ETB ),+251
Гвінея,https://uk.wikipedia.org/wiki/%D0%93%D0%B2%D1%96%D0%BD%D0%B5%D1%8F,Конакрі 9°31′ пн. ш. 13°42′ зх. д. country H G O,Французька,,Гвінейський франк ( GNF ),+224
Гватемала,https://uk.wikipedia.org/wiki/%D0%93%D0%B2%D0%B0%D1%82%D0%B5%D0%BC%D0%B0%D0%BB%D0%B0,,іспанська мова,,Кетсаль ( GTQ ),+502
Гаяна,https://uk.wikipedia.org/wiki/%D0%93%D0%B0%D1%8F%D0%BD%D0%B0,,англійська,,Гаянський долар ( GYD ),+592
Греція,https://uk.wikipedia.org/wiki/%D0%93%D1%80%D0%B5%D1%86%D1%96%D1%8F,,Грецька,від Османської імперії,Євро ( EUR ),+30
Бенін,https://uk.wikipedia.org/wiki/%D0%91%D0%B5%D0%BD%D1%96%D0%BD,Порто-Ново 6°28′ пн. ш. 2°36′ сх. д. country H G O,Французька,від Франції,Франк КФА ( XOF ),+229
Бельгія,https://uk.wikipedia.org/wiki/%D0%91%D0%B5%D0%BB%D1%8C%D0%B3%D1%96%D1%8F,,"нідерландська , французька і німецька",від Нідерландів,Євро ( EUR ),+32
Білорусь,https://uk.wikipedia.org/wiki/%D0%91%D1%96%D0%BB%D0%BE%D1%80%D1%83%D1%81%D1%8C,,білоруська і російська,,білоруський рубль ( BYN ),+375
Ємен,https://uk.wikipedia.org/wiki/%D0%84%D0%BC%D0%B5%D0%BD,,Арабська,,Єменський ріал ( YER ),+967
Гамбія,https://uk.wikipedia.org/wiki/%D0%93%D0%B0%D0%BC%D0%B1%D1%96%D1%8F,Банжул 13°28′ пн. ш. 16°36′ зх. д. country H G O,Англійська,,Даласі ( GMD ),+220
Болгарія,https://uk.wikipedia.org/wiki/%D0%91%D0%BE%D0%BB%D0%B3%D0%B0%D1%80%D1%96%D1%8F,,болгарська,,Лев ( BGN ),+359
Бахрейн,https://uk.wikipedia.org/wiki/%D0%91%D0%B0%D1%85%D1%80%D0%B5%D0%B9%D0%BD,,Арабська,15 серпня 1971 — від Великої Британії,Динар ( BHD ),+973
Гана,https://uk.wikipedia.org/wiki/%D0%93%D0%B0%D0%BD%D0%B0,Аккра,англійська,,Седі ( GHC ),+233
Гаїті,https://uk.wikipedia.org/wiki/%D0%93%D0%B0%D1%97%D1%82%D1%96,,"Французька , гаїтянська креольська",,Ґурд ( HTG ),+509
Беліз,https://uk.wikipedia.org/wiki/%D0%91%D0%B5%D0%BB%D1%96%D0%B7,Бельмопан 17°15′ пн. ш. 88°46′ зх. д. country H G O,англійська мова,,Белізький долар ( BZD ),+501
Багамські Острови,https://uk.wikipedia.org/wiki/%D0%91%D0%B0%D0%B3%D0%B0%D0%BC%D1%81%D1%8C%D0%BA%D1%96_%D0%9E%D1%81%D1%82%D1%80%D0%BE%D0%B2%D0%B8,,англійська мова,,Багамський долар ( BSD ),+242
Барбадос,https://uk.wikipedia.org/wiki/%D0%91%D0%B0%D1%80%D0%B1%D0%B0%D0%B4%D0%BE%D1%81,,англійська мова,від Великої Британії,Барбадоський долар ( BBD ),+246
Бангладеш,https://uk.wikipedia.org/wiki/%D0%91%D0%B0%D0%BD%D0%B3%D0%BB%D0%B0%D0%B4%D0%B5%D1%88,Дакка 23°42′ пн. ш. 90°22′ сх. д. country H G O,Бенгальська (Бангла),від Пакистану,Така ( BDT ),+880
Ангола,https://uk.wikipedia.org/wiki/%D0%90%D0%BD%D0%B3%D0%BE%D0%BB%D0%B0,,"Португальська (офіційна), кіконго , півн і півд мбунду (національні)",від Португалії,Ангольська кванза ( AOA ),+244
Азербайджан,https://uk.wikipedia.org/wiki/%D0%90%D0%B7%D0%B5%D1%80%D0%B1%D0%B0%D0%B9%D0%B4%D0%B6%D0%B0%D0%BD,,азербайджанська,,Манат ( AZN ),+994
Аргентина,https://uk.wikipedia.org/wiki/%D0%90%D1%80%D0%B3%D0%B5%D0%BD%D1%82%D0%B8%D0%BD%D0%B0,,іспанська мова,від Іспанії,Аргентинський песо ( ARS ),+54
Алжир,https://uk.wikipedia.org/wiki/%D0%90%D0%BB%D0%B6%D0%B8%D1%80,Алжир 36°42′ пн. ш. 3°13′ сх. д. country H G O,Арабська і берберська,,Алжирський динар ( DZD ),+213
Албанія,https://uk.wikipedia.org/wiki/%D0%90%D0%BB%D0%B1%D0%B0%D0%BD%D1%96%D1%8F,,албанська,Від Османської імперії,Албанський лек ( ALL ),+355
Антигуа і Барбуда,https://uk.wikipedia.org/wiki/%D0%90%D0%BD%D1%82%D0%B8%D0%B3%D1%83%D0%B0_%D1%96_%D0%91%D0%B0%D1%80%D0%B1%D1%83%D0%B4%D0%B0,,англійська мова,,Східно-Карибський долар ( XCD ),+268-1-268
Андорра,https://uk.wikipedia.org/wiki/%D0%90%D0%BD%D0%B4%D0%BE%D1%80%D1%80%D0%B0,,Каталонська,,Євро (€) 1 ( EUR ),+376
Австрія,https://uk.wikipedia.org/wiki/%D0%90%D0%B2%D1%81%D1%82%D1%80%D1%96%D1%8F,Відень 48°12′ пн. ш. 16°21′ сх. д. country H G O,Австрійський варіант німецької мови,,Євро ( EUR ),+43
Афганістан,https://uk.wikipedia.org/wiki/%D0%90%D1%84%D0%B3%D0%B0%D0%BD%D1%96%D1%81%D1%82%D0%B0%D0%BD,,"пушту , дарі",,Афгані ( AFN ),+93
